Parameter,Value,Unit,Type,Description
n_first,30,seats,Input,"Number of first-class seats"
n_eco,120,seats,Input,"Number of economy-class seats"
m_pax,84,kg,Input,"EASA standard adult pax mass, incl 6 kg hand bag"
m_hand,0,kg,Input,"Hand baggage mass (subset of m_pax)"
m_chk,15,kg,Input,"Checked baggage mass per pax (EASA intercontinental)"
rho_bag,200,kg/m^3,Input,"Baggage density"
eta,0.875,-,Input,"Hold/cargo loading efficiency"
W_cargo,40000,kg,Input,"Cargo payload mass"
rho_cargo,240,kg/m^3,Input,"Cargo density"
V_LD4,5.5,m^3,Input,"LD4 ULD volume"
V_LD8,6.9,m^3,Input,"LD8 ULD volume"
W_LD4_in,96,in,Input,"LD4 ULD top width"
W_LD8_in,125,in,Input,"LD8 ULD top width"
ULD_depth_in,60.4,in,Input,"ULD depth along fuselage axis"
clear_hold,0.1,m,Input,"Cargo hold clearance"
b_eco_in,57,in,Input,"Economy 3-seat block width (Roskam)"
b_bus,47,in,Input,"Business 2-seat block width (Roskam)"
b_norm,40,in,Input,"Normal 2-seat block width (Roskam)"
aisle_in,20,in,Input,"Aisle width, Torenbeek min (x2 aisles)"
sidewall_in,2,in,Input,"Sidewall clearance per side (x2 sides)"
headroom_base_m,1.95,m,Input,"Base headroom (Torenbeek)"
exit_door_small_in,20,in,Input,"Small exit door width (FAR 25.807)"
exit_door_large_in,24,in,Input,"Large exit door width (FAR 25.807)"
headroom_margin_m,0.01,m,Input,"Headroom margin"
ULD_height_in,64,in,Input,"ULD height (all ULDs)"
wall_thickness_in,7,in,Input,"Fuselage wall thickness"
armrest_height_in,25,in,Input,"Armrest height (Torenbeek)"
floor_camber_factor,0.05,-,Input,"Cargo floor camber factor"
R_min,1.75,m,Input,"Inner-radius sweep: lower bound"
R_max,8,m,Input,"Inner-radius sweep: upper bound"
R_step,0.001,m,Input,"Inner-radius sweep: step size"
n_first_rows,5,rows,Input,"First-class rows (3x4 layout)"
eco_abreast,9,seats/row,Input,"Economy seats abreast"
first_pitch_in,36,in,Input,"First-class seat pitch"
eco_pitch_in,32,in,Input,"Economy seat pitch"
norm_pitch_in,32,in,Input,"Normal seat pitch"
wc_length_m,1,m,Input,"Length per lavatory block"
galley_vol_per_pax_ft3,2,ft^3/pax,Input,"Galley volume per passenger"
cross_aisle_rows,20,rows,Input,"Seat rows per cross aisle"
cross_aisle_len_m,1,m,Input,"Cross aisle length"
Ln_d,1.5,-,Input,"Nose length-to-diameter ratio"
Lt_d,1.75,-,Input,"Tail length-to-diameter ratio"
f_const_section,0.65,-,Input,"Constant-section hold fraction (f)"
fraction_hold,0.72,-,Input,"Fraction of constant section usable as hold"
L_vertical_stabiliser,1,m,Input,"Vertical stabiliser length extra to tail length"
AR,9,-,Input,"Wing aspect ratio"
Swet_Sref,6.2,-,Input,"Wetted area ratio"
W_0_guess_init,124000,kg,Input,"Initial MTOW guess"
M_cruise,0.82,-,Input,"Cruise Mach number"
abs_ceiling_ft,42000,ft,Input,"Absolute ceiling"
cruise_alt_offset_ft,5000,ft,Input,"Cruise altitude offset below ceiling"
loiter_alt_ft,5000,ft,Input,"Loiter altitude"
gamma_air,1.4,-,Input,"Ratio of specific heats, air"
R_air,287,J/(kg K),Input,"Specific gas constant, air"
T_cruise_K,218.8,K,Input,"ISA temperature at cruise altitude"
loiter_speed_divisor,3,-,Input,"Loiter speed divisor base"
loiter_speed_power,0.25,-,Input,"Loiter speed divisor exponent"
K_LD,15.5,-,Input,"Wetted-aspect-ratio L/D constant"
cruise_LD_factor,0.866,-,Input,"Cruise L/D as fraction of L/D max"
sfc_cruise_mg,14.1,mg/(N s),Input,"Cruise TSFC"
sfc_loiter_mg,11.3,mg/(N s),Input,"Loiter TSFC"
Wr_taxi_takeoff,0.97,-,Input,"Weight fraction: taxi & takeoff"
Wr_climb,0.985,-,Input,"Weight fraction: climb & accelerate to cruise"
R_cruise_nmi,5500,nmi,Input,"Cruise range"
Wr_descent,0.995,-,Input,"Weight fraction: descent to land"
Wr_missed_approach,0.985,-,Input,"Weight fraction: missed approach climb"
R_alt_km,370,km,Input,"Diversion (alternate) range"
E_loiter_min,45,min,Input,"Loiter time"
Wr_land_taxi,0.995,-,Input,"Weight fraction: descent + landing & taxi"
fuel_margin,1.01,-,Input,"Fuel reserve margin multiplier"
A_coef,0.97,-,Input,"Empty-weight regression coefficient A"
C_coef,-0.06,-,Input,"Empty-weight regression coefficient C"
b_mass,99,kg,Input,"First/business class pax + bag mass"
e_mass,99,kg,Input,"Economy pax + bag mass"
n_pilots,3,count,Input,"Number of pilots"
pilot_mass,85,kg,Input,"Pilot mass"
n_cabin_crew,5,count,Input,"Number of cabin crew"
cabin_crew_mass,75,kg,Input,"Cabin crew mass"
tol,1,kg,Input,"MTOW convergence tolerance"
max_iter,100,count,Input,"Max convergence iterations"
L_runway,3000,m,Input,"Runway length requirement"
a_AR,10,-,Input,"Aspect ratio a"
c_AR,0,-,Input,"Aspect ratio c"
lambda,0.45,-,Input,"Taper ratio"
Sweep_LE,35,deg,Input,"Leading-edge sweep"
twist_angle,-3,deg,Input,"Wing twist angle"
fuel_density,0.79,kg/L,Input,"Fuel density"
n_pax,150,pax,Output,"Total passengers (n_first+n_eco)"
W_chk,2250,kg,Output,"Checked baggage mass (n_pax*m_chk)"
W_pax_bags,14850,kg,Output,"Pax+checked bag mass (n_pax*(m_pax+m_chk))"
V_chk,13.2352941176471,m^3,Output,"Checked-bag hold volume"
V_hand,5.14285714285714,m^3,Output,"Hand-bag stowage volume"
V_cargo,190.47619047619,m^3,Output,"Freight cargo volume"
V_req,203.711484593838,m^3,Output,"Total required hold volume"
N_rows,17,rows,Output,"ULD rows (LD4+LD8 across)"
V_row,12.4,m^3,Output,"Volume per ULD row"
W_row,5.6134,m,Output,"Width per ULD row"
W_eco,5.461,m,Output,"Economy cabin width"
W_bu,4.699,m,Output,"Business class cabin width"
W_cabin,5.461,m,Output,"Cabin width"
H_Headroom,1.96,m,Output,"Required total headroom with margin"
H_cargo,1.6256,m,Output,"Cargo hold height (ULD height)"
D_inner,6.156,m,Output,"Fuselage inner diameter"
D_outer,6.3084,m,Output,"Fuselage outer diameter"
n_eco_rows,14,rows,Output,"Economy seat rows"
n_rows_cab,19,rows,Output,"Total cabin rows"
Total_seat_pitch,15.9512,m,Output,"Total seat-pitch length"
L_cabin,19.5416662173707,m,Output,"Cabin length"
V_galley,8.4950539776,m^3,Output,"Total galley volume"
L_galley_front,0.748413319011815,m,Output,"Galley front length"
L_galley_back,0.728683795067455,m,Output,"Galley back length"
L_galley,1.47709711407927,m,Output,"Total galley length"
L_cross,1,m,Output,"Cross-horizontal length"
L_nose,9.7674,m,Output,"Nose length"
L_tail,11.3953,m,Output,"Tail length"
L_under,28.8894129230769,m,Output,"Stored cargo length from in lowerdesk"
L_main,27.5506489374734,m,Output,"Stored cargo length from in upperdesk"
Tot_under,50.0521129230769,m,Output,"Total length lowerdeck with nose and tail"
Tot_upper,48.7133489374734,m,Output,"Total length upperdeck with nose and tail"
L_total,51.0521129230769,m,Output,"Governing total plane length (nose+tail+fuselage)"
alt_cruise,37000,ft,Output,"Cruise altitude"
V_cruise,243.132198640986,m/s,Output,"Cruise speed"
V_loiter,184.740520858353,m/s,Output,"Loiter speed"
AR_wetted,1.45161290322581,-,Output,"Wetted aspect ratio"
LD_max,18.6748493969831,-,Output,"Max lift-to-drag ratio"
LD_loiter,15.991,,-,Output,"Loiter lift-to-drag ratio"
LD_cruise,16.1724195777874,-,Output,"Cruise lift-to-drag ratio"
W_fuel_fraction,0.371176351786918,-,Output,"Fuel weight fraction (Wf/W0)"
b_ratio,0.08,-,Output,"First/business class pax fraction"
W_crew,630,kg,Output,"Crew mass"
W_0,284853.608061213,kg,Output,"Converged MTOW"
W_f,106378.913710184,kg,Output,"Converged fuel weight"
W_e,124741.343121871,kg,Output,"Converged empty weight"
